initiative_id,act_id,poll_id,date,result,unanimous
304233,40490,127410,2024-10-31,Aprovado,False
304233,,127440,2024-11-29,Aprovado,False
304233,,127711,2024-12-20,Aprovado,True
284017,,127012,2024-09-20,Aprovado,False
284017,,127387,2024-10-24,Aprovado,True
284017,40435,127388,2024-10-25,Rejeitado,False
284017,40459,127389,2024-10-25,Aprovado,False
314619,,128474,2025-02-20,Aprovado,False
304312,,127561,2024-12-12,Aprovado,False
314435,,128151,2025-01-31,Aprovado,False
304360,,128188,2025-01-31,Aprovado,False
263567,,126505,2024-04-24,Aprovado,False
263567,,126821,2024-06-21,Aprovado,True
263667,,126621,2024-05-17,Aprovado,False
263667,,126872,2024-07-04,Aprovado,False
263594,,128387,2025-02-14,Aprovado,False
263594,,128558,2025-02-28,Rejeitado,False
263621,,127305,2024-10-18,Aprovado,True
263621,,138842,2025-03-14,Rejeitado,False
263545,,126547,2024-05-03,Rejeitado,False
263504,,127013,2024-09-20,Rejeitado,False
263772,,126807,2024-06-21,Aprovado,False
263772,,127021,2024-09-20,Aprovado,False
263714,,126617,2024-05-17,Aprovado,False
263714,,126877,2024-07-04,Aprovado,False
263617,,126541,2024-05-03,Aprovado,False
263777,30133,126804,2024-06-21,Aprovado,False
263777,,127094,2024-09-27,Aprovado,True
263717,,126618,2024-05-17,Aprovado,False
263717,,126878,2024-07-04,Aprovado,False
263616,30101,126600,2024-05-09,Rejeitado,False
263587,,126517,2024-04-24,Rejeitado,False
263796,,126810,2024-06-21,Aprovado,False
263796,,127022,2024-09-20,Aprovado,False
263592,,126525,2024-04-24,Rejeitado,False
263630,,126601,2024-05-09,Rejeitado,False
263868,30128,126863,2024-07-04,Aprovado,False
263868,,127689,2024-12-20,Aprovado,False
263601,,126528,2024-04-24,Rejeitado,False
263670,,126793,2024-06-21,Rejeitado,False
263634,,126539,2024-05-02,Rejeitado,False
263661,30095,126814,2024-06-21,Rejeitado,False
263635,,126594,2024-05-09,Rejeitado,False
263658,,126589,2024-05-08,Rejeitado,False
263866,30140,126849,2024-07-03,Aprovado,False
263866,,127329,2024-10-18,Aprovado,False
273895,,126936,2024-07-18,Aprovado,False
273895,40375,127209,2024-10-11,Aprovado,False
263825,,126869,2024-07-04,Aprovado,False
263669,,126626,2024-05-17,Rejeitado,False
263711,,128533,2025-02-28,Rejeitado,False
263734,,128168,2025-01-31,Rejeitado,False
263884,,126865,2024-07-04,Aprovado,False
263884,,128421,2025-02-14,Aprovado,True
273918,,127053,2024-09-27,Aprovado,True
273918,,128210,2025-01-31,Aprovado,False
263887,,126867,2024-07-04,Aprovado,False
263887,,127684,2024-12-20,Aprovado,False
263819,,126725,2024-06-12,Aprovado,True
263712,,126627,2024-05-17,Rejeitado,False
263792,,128534,2025-02-28,Aprovado,False
263774,,128058,2025-01-24,Rejeitado,False
263715,30096,126623,2024-05-17,Rejeitado,False
263853,,128428,2025-02-14,Aprovado,False
263751,,126844,2024-06-28,Rejeitado,False
263721,,126629,2024-05-17,Rejeitado,False
263794,,126772,2024-06-19,Rejeitado,False
263820,,126933,2024-07-18,Rejeitado,False
263849,,126779,2024-06-21,Aprovado,True
263857,,128440,2025-02-14,Aprovado,True
263755,,126650,2024-05-22,Rejeitado,False
263876,,127325,2024-10-18,Aprovado,False
263876,,138886,2025-03-14,Aprovado,False
283995,,127092,2024-09-27,Aprovado,False
283995,,127696,2024-12-20,Aprovado,False
273973,,127091,2024-09-27,Aprovado,False
273973,,127694,2024-12-20,Aprovado,False
263880,,126852,2024-07-03,Aprovado,False
263865,,126895,2024-07-04,Rejeitado,False
284022,,127043,2024-09-27,Aprovado,False
284022,,128206,2025-01-31,Aprovado,False
273957,,127016,2024-09-20,Aprovado,True
273957,,127017,2024-09-20,Aprovado,False
273957,,127018,2024-09-20,Aprovado,False
263886,,126866,2024-07-04,Aprovado,False
273974,,127019,2024-09-20,Aprovado,False
284060,,127143,2024-10-04,Aprovado,False
284060,,128301,2025-02-07,Aprovado,False
283981,,127205,2024-10-11,Aprovado,False
273939,,126926,2024-07-18,Aprovado,False
263885,,126894,2024-07-04,Rejeitado,False
284045,,127044,2024-09-27,Aprovado,False
284045,,128207,2025-01-31,Aprovado,False
284088,,127251,2024-10-18,Aprovado,False
284088,,128287,2025-02-07,Aprovado,True
284048,,127055,2024-09-27,Aprovado,False
284048,,128211,2025-01-31,Aprovado,False
284096,,127127,2024-10-02,Aprovado,False
284096,,127843,2025-01-10,Aprovado,False
283977,,127066,2024-09-27,Rejeitado,False
284004,,128357,2025-02-07,Aprovado,False
284004,,138897,2025-03-14,Aprovado,False
284074,,127059,2024-09-27,Aprovado,False
284074,,128213,2025-01-31,Aprovado,False
273952,,127159,2024-10-04,Rejeitado,False
273944,,138869,2025-03-14,Rejeitado,False
283989,40888,127271,2024-10-18,Rejeitado,False
294132,,127249,2024-10-18,Aprovado,False
294132,,128483,2025-02-20,Aprovado,True
284002,,126967,2024-09-11,Aprovado,False
284016,,127270,2024-10-18,Rejeitado,False
304139,,127131,2024-10-02,Aprovado,False
304139,,127842,2025-01-10,Aprovado,False
294125,,127262,2024-10-18,Aprovado,False
294125,,128073,2025-01-24,Aprovado,False
284089,,127324,2024-10-18,Aprovado,False
284091,,127419,2024-10-31,Aprovado,False
294112,,127596,2024-12-12,Aprovado,False
284023,,126952,2024-09-11,Aprovado,True
294104,,128539,2025-02-28,Aprovado,False
294105,,128540,2025-02-28,Aprovado,False
304154,,127197,2024-10-11,Aprovado,False
304154,,127665,2024-12-20,Aprovado,False
304166,,127299,2024-10-18,Aprovado,False
304166,,128080,2025-01-24,Aprovado,False
294115,,127153,2024-10-04,Aprovado,False
304173,,127254,2024-10-18,Aprovado,True
304173,,128288,2025-02-07,Aprovado,True
294100,,127214,2024-10-11,Rejeitado,False
304204,,127287,2024-10-18,Aprovado,False
304204,,127681,2024-12-20,Aprovado,False
304213,,127257,2024-10-18,Aprovado,False
304213,,128291,2025-02-07,Aprovado,True
284070,,127057,2024-09-27,Rejeitado,False
284078,,127323,2024-10-18,Rejeitado,False
284072,,127058,2024-09-27,Rejeitado,False
304243,40457,127363,2024-10-25,Aprovado,False
304243,,128226,2025-01-31,Aprovado,False
304289,,127506,2024-12-05,Aprovado,False
304289,,127669,2024-12-20,Aprovado,False
304238,,127355,2024-10-25,Aprovado,False
304238,,128228,2025-01-31,Aprovado,False
294109,40887,127247,2024-10-18,Rejeitado,False
304179,,128359,2025-02-07,Aprovado,True
304179,,138899,2025-03-14,Aprovado,False
304294,,127525,2024-12-05,Aprovado,False
304294,,127705,2024-12-20,Aprovado,False
304161,,128259,2025-02-07,Rejeitado,False
304302,,127417,2024-10-31,Aprovado,False
304302,,127529,2024-12-05,Aprovado,False
304325,,127511,2024-12-05,Aprovado,True
304325,,128219,2025-01-31,Aprovado,False
294140,,127168,2024-10-04,Rejeitado,False
304147,,127218,2024-10-11,Rejeitado,False
304287,,127720,2024-12-20,Aprovado,False
304331,,127602,2024-12-12,Aprovado,False
304331,,128297,2025-02-07,Aprovado,False
304186,,127286,2024-10-18,Rejeitado,False
304298,,127587,2024-12-12,Aprovado,False
304345,,127568,2024-12-12,Aprovado,True
304345,,128298,2025-02-07,Aprovado,False
304183,,127264,2024-10-18,Rejeitado,False
304350,,127569,2024-12-12,Aprovado,False
304350,,128299,2025-02-07,Aprovado,False
304202,,127272,2024-10-18,Rejeitado,False
304388,,127699,2024-12-20,Aprovado,False
304388,,128414,2025-02-12,Aprovado,True
304388,,128415,2025-02-14,Aprovado,False
304388,,128416,2025-02-14,Rejeitado,False
304388,,128417,2025-02-14,Aprovado,False
304318,,128149,2025-01-31,Aprovado,False
314437,,128009,2025-01-24,Aprovado,False
314437,,128645,2025-03-06,Aprovado,False
304269,,127381,2024-10-25,Rejeitado,False
304275,,127716,2024-12-20,Aprovado,False
304255,,127378,2024-10-25,Rejeitado,False
304293,,138860,2025-03-14,Aprovado,False
304308,,128532,2025-02-28,Rejeitado,False
304315,,127845,2025-01-10,Rejeitado,False
304333,,127508,2024-12-05,Rejeitado,False
304385,,127639,2024-12-18,Aprovado,False
314505,,127984,2025-01-24,Aprovado,False
314505,,128651,2025-03-06,Aprovado,False
314521,,128016,2025-01-24,Aprovado,False
314521,,128556,2025-02-28,Aprovado,False
314510,,127995,2025-01-24,Aprovado,False
314510,,128655,2025-03-06,Aprovado,False
304391,,127640,2024-12-18,Aprovado,False
314427,,128535,2025-02-28,Aprovado,False
314419,,138863,2025-03-14,Aprovado,False
314462,,128049,2025-01-24,Rejeitado,False
314441,,128237,2025-01-31,Rejeitado,False
314526,,128203,2025-01-31,Aprovado,False
314551,,128060,2025-01-24,Aprovado,False
314551,,128549,2025-02-28,Aprovado,False
314479,,127839,2025-01-10,Rejeitado,False
314515,,128003,2025-01-24,Aprovado,False
314568,,128335,2025-02-12,Aprovado,False
314496,,128010,2025-01-24,Rejeitado,False
314546,,128018,2025-01-24,Aprovado,False
314667,,128267,2025-02-07,Aprovado,True
314667,,128426,2025-02-14,Aprovado,True
314525,,128177,2025-01-31,Aprovado,False
314541,,128006,2025-01-24,Aprovado,False
314611,,128633,2025-03-06,Aprovado,False
314618,,128141,2025-01-31,Aprovado,False
314514,,127997,2025-01-24,Rejeitado,False
314670,,128413,2025-02-14,Aprovado,False
314523,,128170,2025-01-31,Rejeitado,False
314688,,128471,2025-02-20,Aprovado,False
314688,,138789,2025-03-14,Aprovado,False
314749,,128473,2025-02-20,Aprovado,True
314627,,128389,2025-02-14,Rejeitado,False
314662,,138880,2025-03-14,Aprovado,False
314635,,128375,2025-02-14,Rejeitado,False
314769,,128454,2025-02-20,Aprovado,False
314769,,128660,2025-03-06,Aprovado,False
314643,,128398,2025-02-14,Rejeitado,False
314735,,128521,2025-02-28,Aprovado,False
314713,,128635,2025-03-06,Rejeitado,False
314766,,128607,2025-02-28,Aprovado,True
314766,,138841,2025-03-14,Rejeitado,False
314771,,128608,2025-02-28,Aprovado,False
314771,,138838,2025-03-14,Rejeitado,False
314772,,128519,2025-02-28,Aprovado,False
314772,,138839,2025-03-14,Rejeitado,False
314750,,128589,2025-02-28,Aprovado,False
314773,,128590,2025-02-28,Aprovado,False
314773,,138835,2025-03-14,Rejeitado,False
314819,,128634,2025-03-06,Aprovado,False
314731,,138879,2025-03-14,Rejeitado,False
314791,,128542,2025-02-28,Rejeitado,False
314792,,128538,2025-02-28,Rejeitado,False
314870,,128647,2025-03-06,Aprovado,False
314863,,128669,2025-03-06,Rejeitado,False
314862,,128673,2025-03-06,Rejeitado,False
314865,,128670,2025-03-06,Rejeitado,False
314869,,128674,2025-03-06,Rejeitado,False
314881,,128675,2025-03-06,Rejeitado,False
314951,,128626,2025-03-06,Aprovado,False
263678,,128158,2025-01-30,Aprovado,False
263653,,126578,2024-05-08,Aprovado,False
263653,,126818,2024-06-21,Aprovado,False
314953,,128628,2025-03-06,Aprovado,False
314944,,138739,2025-03-13,Rejeitado,False
314952,,128627,2025-03-06,Aprovado,False
314966,,138742,2025-03-13,Rejeitado,False
315006,,138714,2025-03-12,Aprovado,False
263533,,128180,2025-01-31,Aprovado,False
263531,,126573,2024-05-08,Rejeitado,False
263535,,126575,2024-05-08,Rejeitado,False
263534,,126574,2024-05-08,Rejeitado,False
263608,30092,126515,2024-04-24,Aprovado,False
315019,,138787,2025-03-13,Aprovado,False
263572,30089,126530,2024-04-24,Rejeitado,False
263559,,128379,2025-02-14,Rejeitado,False
263573,,128182,2025-01-31,Rejeitado,False
263574,,128022,2025-01-24,Rejeitado,False
263575,,128023,2025-01-24,Rejeitado,False
263582,,126502,2024-04-24,Rejeitado,False
263581,30116,126521,2024-04-24,Rejeitado,False
263598,,128054,2025-01-24,Rejeitado,False
263578,30114,126519,2024-04-24,Rejeitado,False
263629,,126596,2024-05-09,Aprovado,True
273922,,127190,2024-10-09,Aprovado,False
273922,,128231,2025-01-31,Aprovado,False
263652,,126577,2024-05-08,Rejeitado,False
263754,,126648,2024-05-22,Aprovado,True
263754,,128282,2025-02-07,Rejeitado,False
263657,,126583,2024-05-08,Rejeitado,False
263723,,126640,2024-05-22,Aprovado,True
263723,,128280,2025-02-07,Rejeitado,False
263659,,126585,2024-05-08,Rejeitado,False
263686,,128378,2025-02-14,Rejeitado,False
263690,,126637,2024-05-22,Rejeitado,False
294146,,127174,2024-10-04,Aprovado,True
294146,,127853,2025-01-10,Aprovado,True
294146,,127854,2025-01-10,Aprovado,True
294146,,127855,2025-01-10,Aprovado,True
294146,,127856,2025-01-10,Aprovado,True
263692,,126638,2024-05-22,Rejeitado,False
263779,,126788,2024-06-21,Aprovado,True
263779,,127136,2024-10-04,Rejeitado,False
263736,,126646,2024-05-22,Rejeitado,False
294145,,127173,2024-10-04,Aprovado,True
294145,,127723,2024-12-20,Aprovado,True
263740,,126659,2024-05-24,Rejeitado,False
263742,,126660,2024-05-24,Rejeitado,False
273910,,127076,2024-09-27,Aprovado,True
273910,,138891,2025-03-14,Aprovado,False
273910,,138896,2025-03-14,Aprovado,False
294118,,127578,2024-12-12,Aprovado,True
294118,,127579,2024-12-12,Aprovado,True
294118,40882,127580,2024-12-12,Aprovado,True
294144,,127172,2024-10-04,Aprovado,True
294144,,127725,2024-12-20,Aprovado,True
294147,,127175,2024-10-04,Aprovado,True
294147,,128065,2025-01-24,Aprovado,False
273917,,127052,2024-09-27,Aprovado,False
263844,,126771,2024-06-19,Rejeitado,False
263872,30127,126891,2024-07-04,Rejeitado,False
263828,,126737,2024-06-12,Rejeitado,False
284073,,127078,2024-09-27,Aprovado,True
284073,,138892,2025-03-14,Aprovado,False
284073,,138895,2025-03-14,Aprovado,False
314589,,128162,2025-01-31,Aprovado,False
314589,,138911,2025-03-14,Aprovado,False
314589,,138914,2025-03-14,Aprovado,False
273904,,127075,2024-09-27,Rejeitado,False
284092,,127117,2024-10-02,Aprovado,False
284092,,138901,2025-03-14,Aprovado,False
284092,,138904,2025-03-14,Aprovado,False
284049,,127436,2024-09-27,Aprovado,False
284049,,138833,2025-03-14,Rejeitado,False
284050,,127071,2024-09-27,Rejeitado,False
284041,,127041,2024-09-27,Rejeitado,False
284061,,127073,2024-09-27,Rejeitado,False
294136,,127246,2024-10-18,Aprovado,False
284053,,128462,2025-02-20,Rejeitado,False
304162,40912,127289,2024-10-18,Aprovado,False
304162,,128551,2025-02-28,Aprovado,False
294130,40350,127164,2024-10-04,Rejeitado,False
304192,40913,127290,2024-10-18,Rejeitado,False
304191,,127275,2024-10-18,Rejeitado,False
304208,,127284,2024-10-18,Rejeitado,False
314617,,128383,2025-02-14,Rejeitado,False
304367,,127646,2024-12-19,Aprovado,False
304386,,127691,2024-12-20,Rejeitado,False
304390,,127635,2024-12-18,Rejeitado,False
314426,,127653,2024-12-19,Aprovado,False
314392,,127687,2024-12-20,Rejeitado,False
314522,,128160,2025-01-31,Aprovado,False
314554,,128187,2025-01-31,Rejeitado,False
314544,,128057,2025-01-24,Aprovado,True
314586,,128191,2025-01-31,Rejeitado,False
314497,,128036,2025-01-24,Rejeitado,False
314654,,128385,2025-02-14,Rejeitado,False
314585,,128152,2025-01-31,Rejeitado,False
314595,,128176,2025-01-31,Rejeitado,False
314621,,128371,2025-02-14,Rejeitado,False
304245,,127418,2024-10-31,Aprovado,True
314634,,128388,2025-02-14,Rejeitado,False
314645,,128381,2025-02-14,Rejeitado,False
304258,,127242,2024-10-18,Aprovado,False
315021,,138783,2025-03-13,Aprovado,False
315021,,138784,2025-03-13,Aprovado,False
315021,,138785,2025-03-13,Aprovado,False
314782,,128524,2025-02-28,Rejeitado,False
314785,,128460,2025-02-20,Aprovado,False
263618,,126715,2024-06-11,Aprovado,False
314876,,138854,2025-03-14,Rejeitado,False
314756,,128449,2025-02-20,Rejeitado,False
314777,,128463,2025-02-20,Rejeitado,False
314789,,138852,2025-03-14,Rejeitado,False
263733,,126781,2024-06-21,Aprovado,True
304260,,127243,2024-10-18,Aprovado,True
304374,,127501,2024-12-05,Aprovado,True
273900,,127411,2024-10-31,Aprovado,False
273900,,127439,2024-11-29,Aprovado,False
273900,,127710,2024-12-20,Aprovado,True
263602,,126510,2024-04-24,Aprovado,False
263602,,126740,2024-06-12,Rejeitado,False
263602,,126741,2024-06-12,Aprovado,False
263602,,126742,2024-06-12,Aprovado,True
263602,,126743,2024-06-12,Aprovado,False
314431,,127931,2025-01-17,Aprovado,True
314431,,127932,2025-01-17,Aprovado,True
314431,,127933,2025-01-17,Aprovado,True
263808,,126790,2024-06-21,Aprovado,False
263808,,126791,2024-06-21,Aprovado,False
263808,,126792,2024-06-21,Aprovado,False
294131,,127210,2024-10-11,Aprovado,True
294131,,127383,2024-10-25,Aprovado,True
294131,,127384,2024-10-25,Aprovado,True
284024,,127312,2024-10-18,Aprovado,False
284024,,127313,2024-10-18,Aprovado,False
284024,,127314,2024-10-18,Aprovado,False
284024,,127315,2024-10-18,Aprovado,True
304359,,128019,2025-01-24,Aprovado,False
304359,,128020,2025-01-24,Aprovado,False
304359,,128021,2025-01-24,Aprovado,False
304310,,127523,2024-12-05,Aprovado,False
304310,,127671,2024-12-20,Aprovado,False
304310,,127672,2024-12-20,Aprovado,True
314434,,128029,2025-01-24,Aprovado,False
314434,,128030,2025-01-24,Aprovado,False
314434,,128031,2025-01-24,Aprovado,False
263495,,126870,2024-07-04,Aprovado,False
263495,,127023,2024-09-20,Aprovado,False
263548,,126813,2024-06-21,Aprovado,False
263496,,126668,2024-05-24,Aprovado,True
263576,,126506,2024-04-24,Aprovado,False
263576,,126822,2024-06-21,Aprovado,True
263588,,126508,2024-04-24,Aprovado,True
263588,,126824,2024-06-21,Aprovado,True
263518,,128035,2025-01-24,Aprovado,False
263518,,128560,2025-02-28,Rejeitado,False
263498,,127599,2024-12-12,Rejeitado,False
263838,,127360,2024-10-25,Aprovado,False
263838,,128223,2025-01-31,Aprovado,False
263835,,127295,2024-10-18,Aprovado,False
263835,,128479,2025-02-20,Aprovado,True
263752,,126738,2024-06-12,Aprovado,False
263797,30135,126806,2024-06-21,Aprovado,False
263797,,127096,2024-09-27,Aprovado,True
263766,,126799,2024-06-21,Rejeitado,False
263890,,126868,2024-07-04,Aprovado,False
263890,,127686,2024-12-20,Aprovado,False
263775,,126795,2024-06-21,Rejeitado,False
263713,30097,126628,2024-05-17,Rejeitado,False
263778,,126800,2024-06-21,Rejeitado,False
263780,40352,127144,2024-10-04,Rejeitado,False
273914,,127089,2024-09-27,Aprovado,False
273914,,127692,2024-12-20,Aprovado,False
263724,,126642,2024-05-22,Rejeitado,False
263788,,126796,2024-06-21,Rejeitado,False
263786,,126808,2024-06-21,Rejeitado,False
273901,40371,127015,2024-09-20,Aprovado,False
273898,,128069,2025-01-24,Aprovado,False
263799,,126802,2024-06-21,Rejeitado,False
283983,,127364,2024-10-25,Aprovado,True
283983,40884,127420,2024-10-31,Aprovado,True
263798,,126797,2024-06-21,Rejeitado,False
273905,,127085,2024-09-27,Aprovado,False
263873,,126923,2024-07-18,Aprovado,False
263824,,126731,2024-06-12,Rejeitado,False
263858,30139,126937,2024-07-18,Rejeitado,False
273902,40368,127061,2024-09-27,Rejeitado,False
284069,,127045,2024-09-27,Aprovado,False
284069,,128208,2025-01-31,Aprovado,False
273923,,126925,2024-07-18,Aprovado,False
284066,40891,127321,2024-10-18,Aprovado,False
284066,,127425,2024-10-31,Aprovado,True
284077,,127294,2024-10-18,Aprovado,False
284077,,128078,2025-01-24,Aprovado,False
284055,40902,127150,2024-10-04,Aprovado,False
284055,,127382,2024-10-25,Aprovado,False
284020,,127083,2024-09-27,Aprovado,True
284058,,127056,2024-09-27,Aprovado,True
284058,,128212,2025-01-31,Aprovado,False
273932,,127082,2024-09-27,Rejeitado,False
294098,,127362,2024-10-25,Aprovado,False
294098,,128225,2025-01-31,Aprovado,False
273937,,127088,2024-09-27,Rejeitado,False
284080,,127365,2024-10-25,Aprovado,False
284080,40885,127421,2024-10-31,Aprovado,True
294142,,127130,2024-10-02,Aprovado,False
294142,,127841,2025-01-10,Aprovado,False
294099,,127574,2024-12-12,Aprovado,False
294124,,127248,2024-10-18,Aprovado,True
294124,,128482,2025-02-20,Aprovado,True
283996,,127084,2024-09-27,Rejeitado,False
294127,,127128,2024-10-02,Aprovado,True
294127,,127390,2024-10-25,Aprovado,True
294135,,127250,2024-10-18,Aprovado,True
294135,,128484,2025-02-20,Aprovado,True
284003,,127137,2024-10-04,Rejeitado,False
284005,,138870,2025-03-14,Rejeitado,False
294141,,127129,2024-10-02,Aprovado,False
294141,,127840,2025-01-10,Aprovado,False
284036,40353,127146,2024-10-04,Rejeitado,False
284008,,138859,2025-03-14,Aprovado,False
294101,40373,127215,2024-10-11,Rejeitado,False
304203,,127354,2024-10-25,Aprovado,False
304203,,128478,2025-02-20,Aprovado,True
304211,,127303,2024-10-18,Aprovado,False
304211,,128481,2025-02-20,Aprovado,True
284071,40349,127152,2024-10-04,Rejeitado,False
304146,,127326,2024-10-18,Aprovado,False
304146,,138887,2025-03-14,Aprovado,False
304262,,127416,2024-10-31,Aprovado,False
304262,,127528,2024-12-05,Aprovado,False
304244,,127356,2024-10-25,Aprovado,False
304244,,128229,2025-01-31,Aprovado,False
304248,,127357,2024-10-25,Aprovado,False
304248,,128230,2025-01-31,Aprovado,False
304279,,128059,2025-01-24,Aprovado,False
304279,,128548,2025-02-28,Aprovado,False
284095,,127126,2024-10-02,Rejeitado,False
304273,,127526,2024-12-05,Aprovado,False
304158,,128586,2025-02-28,Rejeitado,False
304274,,127740,2024-12-20,Aprovado,False
304323,,127513,2024-12-05,Aprovado,True
304323,,128218,2025-01-31,Aprovado,False
304167,,127293,2024-10-18,Rejeitado,False
304324,,127512,2024-12-05,Aprovado,True
304324,,127673,2024-12-20,Aprovado,True
304270,,127718,2024-12-20,Aprovado,False
304193,,127279,2024-10-18,Rejeitado,False
304319,40883,127591,2024-12-12,Aprovado,True
304291,,127427,2024-10-31,Aprovado,True
314407,,128236,2025-01-31,Aprovado,False
314407,,128423,2025-02-14,Aprovado,False
304212,,127304,2024-10-18,Rejeitado,False
314397,,128276,2025-02-07,Aprovado,False
304266,,127380,2024-10-25,Rejeitado,False
304303,,127844,2025-01-10,Aprovado,False
304239,40456,127377,2024-10-25,Rejeitado,False
314415,,127643,2024-12-18,Aprovado,True
314415,,128554,2025-02-28,Aprovado,True
314418,,127654,2024-12-19,Aprovado,False
314418,,128294,2025-02-07,Aprovado,False
304292,,127371,2024-10-25,Aprovado,True
314425,,127655,2024-12-19,Aprovado,False
314425,,128295,2025-02-07,Aprovado,False
304305,,128525,2025-02-28,Rejeitado,False
304373,,127588,2024-12-12,Aprovado,False
304349,,127572,2024-12-12,Aprovado,False
304328,,127848,2025-01-10,Rejeitado,False
304375,,128048,2025-01-24,Aprovado,False
314502,,128015,2025-01-24,Aprovado,False
314502,,128555,2025-02-28,Aprovado,False
314403,,127661,2024-12-20,Aprovado,True
314440,,128000,2025-01-24,Aprovado,False
314440,,138810,2025-03-14,Rejeitado,False
314442,,127942,2025-01-17,Aprovado,False
314442,,128547,2025-02-28,Aprovado,False
304356,,127573,2024-12-12,Aprovado,False
304363,,128164,2025-01-31,Rejeitado,False
304376,,127500,2024-12-05,Aprovado,True
314508,,127985,2025-01-24,Aprovado,False
314508,,128652,2025-03-06,Aprovado,False
304342,,127518,2024-12-05,Rejeitado,False
314511,,127996,2025-01-24,Aprovado,False
314511,,128657,2025-03-06,Aprovado,False
314537,,128017,2025-01-24,Aprovado,False
314537,,128557,2025-02-28,Aprovado,False
314490,,128148,2025-01-31,Aprovado,False
314461,,127755,2025-01-07,Aprovado,False
304352,,127510,2024-12-05,Rejeitado,False
304354,,127600,2024-12-12,Rejeitado,False
314528,,127986,2025-01-24,Aprovado,True
314528,,128653,2025-03-06,Aprovado,False
314398,,127847,2025-01-10,Rejeitado,False
314539,,128040,2025-01-24,Aprovado,False
314539,,128648,2025-03-06,Aprovado,False
314433,,127662,2024-12-20,Aprovado,False
314492,,128402,2025-02-14,Aprovado,False
314543,,127998,2025-01-24,Aprovado,False
314543,,128656,2025-03-06,Aprovado,False
314583,,128173,2025-01-31,Aprovado,False
314583,,128425,2025-02-14,Aprovado,False
314482,,138865,2025-03-14,Aprovado,False
314478,,127946,2025-01-17,Aprovado,False
314531,,128039,2025-01-24,Aprovado,False
314531,,128637,2025-03-06,Aprovado,False
314562,,128235,2025-01-31,Aprovado,False
314455,,128066,2025-01-24,Rejeitado,False
314547,,128041,2025-01-24,Aprovado,False
314547,,128649,2025-03-06,Aprovado,False
314503,,128150,2025-01-31,Aprovado,False
314517,,128004,2025-01-24,Aprovado,False
314517,,138811,2025-03-14,Rejeitado,False
314572,,128391,2025-02-14,Aprovado,False
314573,,128392,2025-02-14,Aprovado,False
314499,,127994,2025-01-24,Rejeitado,False
314466,,127837,2025-01-10,Rejeitado,False
314669,,128269,2025-02-07,Aprovado,True
314669,,128427,2025-02-14,Aprovado,True
314552,,128360,2025-02-07,Aprovado,True
314552,,138900,2025-03-14,Aprovado,False
314485,,128045,2025-01-24,Rejeitado,False
314486,,128061,2025-01-24,Rejeitado,False
314545,,128007,2025-01-24,Aprovado,False
314498,,128050,2025-01-24,Rejeitado,False
314582,,128632,2025-03-06,Aprovado,False
314527,,128005,2025-01-24,Aprovado,False
314549,,128052,2025-01-24,Aprovado,False
314540,,128051,2025-01-24,Rejeitado,False
314570,,128470,2025-02-20,Rejeitado,False
314646,,128406,2025-02-14,Aprovado,False
263726,,126644,2024-05-22,Aprovado,False
263726,30102,126939,2024-07-18,Aprovado,False
263726,,126940,2024-07-18,Aprovado,False
263726,,126941,2024-07-18,Aprovado,False
263726,,126942,2024-07-18,Aprovado,False
263726,,127656,2024-12-20,Aprovado,False
314765,,128452,2025-02-20,Aprovado,False
314765,,128658,2025-03-06,Aprovado,False
314575,,128062,2025-01-24,Rejeitado,False
314768,,128453,2025-02-20,Aprovado,False
314768,,128659,2025-03-06,Aprovado,False
314638,,128397,2025-02-14,Aprovado,True
314592,,128175,2025-01-31,Rejeitado,False
314649,,128377,2025-02-14,Aprovado,False
314600,,128063,2025-01-24,Rejeitado,False
314680,,128143,2025-01-31,Aprovado,False
314660,,138873,2025-03-14,Aprovado,False
314660,,138874,2025-03-14,Aprovado,False
314770,,128455,2025-02-20,Aprovado,False
314770,,128661,2025-03-06,Aprovado,False
314628,,128405,2025-02-14,Rejeitado,False
314633,,128395,2025-02-14,Rejeitado,False
314613,,128046,2025-01-24,Rejeitado,False
314640,,128386,2025-02-14,Rejeitado,False
314641,,128376,2025-02-14,Rejeitado,False
314675,,128472,2025-02-20,Rejeitado,False
314616,,128064,2025-01-24,Rejeitado,False
314692,,128349,2025-02-12,Aprovado,False
314743,,128368,2025-02-14,Aprovado,False
314803,,128541,2025-02-28,Aprovado,False
314818,,128677,2025-03-06,Aprovado,False
314818,,128678,2025-03-06,Aprovado,False
314687,,128536,2025-02-28,Rejeitado,False
314696,,138867,2025-03-14,Rejeitado,False
314763,,128606,2025-02-28,Aprovado,False
314763,,138840,2025-03-14,Rejeitado,False
314742,,128588,2025-02-28,Aprovado,False
314745,,128522,2025-02-28,Aprovado,False
314810,,128642,2025-03-06,Aprovado,False
314783,,128603,2025-02-28,Aprovado,False
314783,,138889,2025-03-14,Aprovado,False
314721,,128566,2025-02-28,Rejeitado,False
314840,,128438,2025-02-20,Aprovado,False
314844,,138741,2025-03-13,Aprovado,False
314774,,128576,2025-02-28,Aprovado,False
314775,,128577,2025-02-28,Aprovado,False
314815,,128676,2025-03-06,Aprovado,False
314739,,128587,2025-02-28,Rejeitado,False
314740,,128528,2025-02-28,Rejeitado,False
314877,,128668,2025-03-06,Aprovado,False
314752,,128529,2025-02-28,Rejeitado,False
263606,30090,126513,2024-04-24,Aprovado,False
263606,,126744,2024-06-12,Aprovado,False
314802,,128679,2025-03-06,Rejeitado,False
263610,,126516,2024-04-24,Aprovado,False
263610,30121,126745,2024-06-12,Aprovado,False
314858,,128644,2025-03-06,Aprovado,False
314860,,128638,2025-03-06,Aprovado,False
314852,,128636,2025-03-06,Aprovado,False
314903,,128565,2025-02-28,Aprovado,True
314832,,128537,2025-02-28,Rejeitado,False
314910,,128569,2025-02-28,Rejeitado,False
314954,,138876,2025-03-14,Rejeitado,False
314932,,138866,2025-03-14,Aprovado,False
314970,,138743,2025-03-13,Aprovado,False
314943,,138737,2025-03-13,Rejeitado,False
263488,,127280,2024-10-18,Rejeitado,False
263624,,127632,2024-12-18,Aprovado,True
263624,,138884,2025-03-14,Rejeitado,False
263749,,127169,2024-10-04,Aprovado,True
263749,,127722,2024-12-20,Aprovado,True
263525,,126572,2024-05-08,Rejeitado,False
263605,,126512,2024-04-24,Aprovado,False
263520,,126570,2024-05-08,Rejeitado,False
263521,,126571,2024-05-08,Rejeitado,False
263524,,128178,2025-01-31,Rejeitado,False
263679,,127697,2024-12-20,Rejeitado,False
263532,,128032,2025-01-24,Rejeitado,False
263854,,127170,2024-10-04,Aprovado,True
263854,,127849,2025-01-10,Aprovado,True
263854,,127850,2025-01-10,Aprovado,True
263854,,127851,2025-01-10,Aprovado,True
263854,,127852,2025-01-10,Aprovado,True
263607,30091,126514,2024-04-24,Aprovado,False
315018,,138786,2025-03-13,Aprovado,False
263549,,126576,2024-05-08,Rejeitado,False
263558,,127067,2024-09-27,Rejeitado,False
263569,30113,126518,2024-04-24,Rejeitado,False
263568,,126500,2024-04-24,Rejeitado,False
263643,,126643,2024-05-22,Aprovado,True
263643,,128278,2025-02-07,Rejeitado,False
263577,,126501,2024-04-24,Rejeitado,False
263579,30115,126520,2024-04-24,Rejeitado,False
263638,,128145,2025-01-31,Rejeitado,False
263626,,126545,2024-05-03,Rejeitado,False
263627,30026,126534,2024-05-02,Rejeitado,False
263663,,126716,2024-06-11,Rejeitado,False
263704,,127079,2024-09-27,Rejeitado,False
273954,,127157,2024-10-04,Aprovado,True
263735,,126645,2024-05-22,Rejeitado,False
263737,,126658,2024-05-24,Rejeitado,False
263747,,126661,2024-05-24,Rejeitado,False
263748,,127282,2024-10-18,Rejeitado,False
263812,,128183,2025-01-31,Rejeitado,False
263814,,127069,2024-09-27,Rejeitado,False
263801,,127063,2024-09-27,Rejeitado,False
294117,,127575,2024-12-12,Aprovado,True
294117,,127576,2024-12-12,Aprovado,True
294117,,127577,2024-12-12,Aprovado,True
263813,,127098,2024-09-27,Rejeitado,False
273921,,127189,2024-10-09,Aprovado,False
304153,,127213,2024-10-11,Aprovado,False
304153,,127950,2025-01-17,Aprovado,False
263830,,126811,2024-06-21,Rejeitado,False
263870,30125,126889,2024-07-04,Rejeitado,False
263871,30126,126890,2024-07-04,Rejeitado,False
304227,,127581,2024-12-12,Aprovado,True
304227,,127582,2024-12-12,Aprovado,True
304227,,127583,2024-12-12,Aprovado,True
284062,,127074,2024-09-27,Aprovado,False
284062,,138834,2025-03-14,Rejeitado,False
294128,,127122,2024-10-02,Aprovado,False
294128,,138902,2025-03-14,Aprovado,False
294128,,138903,2025-03-14,Aprovado,False
284009,,127437,2024-09-27,Rejeitado,False
284047,40362,127049,2024-09-27,Rejeitado,False
284057,40364,127050,2024-09-27,Rejeitado,False
284068,40365,127051,2024-09-27,Rejeitado,False
284081,,127165,2024-10-04,Rejeitado,False
284093,,127120,2024-10-02,Rejeitado,False
284094,40351,127155,2024-10-04,Rejeitado,False
304180,,127252,2024-10-18,Rejeitado,False
294133,,127595,2024-12-12,Rejeitado,False
294121,,127219,2024-10-04,Rejeitado,False
294122,,127163,2024-10-04,Rejeitado,False
294138,,127124,2024-10-02,Rejeitado,False
304148,,128671,2025-03-06,Rejeitado,False
304286,,128404,2025-02-14,Rejeitado,False
314495,,128159,2025-01-31,Aprovado,False
314495,,138910,2025-03-14,Aprovado,False
314495,,138915,2025-03-14,Aprovado,False
294148,,127167,2024-10-04,Rejeitado,False
304205,,127297,2024-10-18,Rejeitado,False
304144,,127212,2024-10-11,Rejeitado,False
304234,,128370,2025-02-14,Aprovado,False
314401,,127647,2024-12-19,Aprovado,False
304247,,127375,2024-10-25,Rejeitado,False
314631,,128384,2025-02-14,Rejeitado,False
304253,,127373,2024-10-25,Rejeitado,False
304339,,127603,2024-12-12,Rejeitado,False
304343,,128024,2025-01-24,Rejeitado,False
314593,,128190,2025-01-31,Rejeitado,False
314500,,127989,2025-01-24,Rejeitado,False
314448,,128570,2025-02-28,Aprovado,True
314448,,138882,2025-03-14,Rejeitado,False
304384,,127670,2024-12-20,Rejeitado,False
314558,,128169,2025-01-31,Rejeitado,False
314417,,127637,2024-12-18,Rejeitado,False
314480,,127836,2025-01-10,Rejeitado,False
314758,,128600,2025-02-28,Rejeitado,False
314755,,128448,2025-02-20,Aprovado,False
314755,,138792,2025-03-14,Aprovado,False
314755,,138796,2025-03-14,Aprovado,False
314472,,127833,2025-01-10,Rejeitado,False
314579,,128056,2025-01-24,Aprovado,True
314759,,128458,2025-02-20,Rejeitado,False
314588,,128161,2025-01-31,Aprovado,False
314725,,128596,2025-02-28,Rejeitado,False
314509,,128026,2025-01-24,Rejeitado,False
314610,,128604,2025-02-28,Aprovado,False
314529,,127991,2025-01-24,Rejeitado,False
314530,,128147,2025-01-31,Rejeitado,False
314532,,127992,2025-01-24,Rejeitado,False
314550,,128185,2025-01-31,Rejeitado,False
314787,,128450,2025-02-20,Aprovado,False
314787,,138798,2025-03-14,Aprovado,False
314652,,128393,2025-02-14,Rejeitado,False
314778,,128601,2025-02-28,Rejeitado,False
314690,,128342,2025-02-12,Aprovado,True
304155,,127503,2024-12-05,Aprovado,False
304155,,127504,2024-12-05,Aprovado,False
314891,,138857,2025-03-14,Rejeitado,False
314879,,138855,2025-03-14,Rejeitado,False
314864,,128667,2025-03-06,Rejeitado,False
273961,,126974,2024-09-18,Aprovado,True
284085,,126975,2024-09-18,Rejeitado,False
273968,,127663,2024-12-20,Aprovado,False
273968,,128238,2025-01-31,Aprovado,False
263810,,126732,2024-06-12,Aprovado,False
263810,,126733,2024-06-12,Aprovado,False
263810,,126734,2024-06-12,Aprovado,False
263810,,126735,2024-06-12,Aprovado,True
304299,,127519,2024-12-05,Aprovado,False
304299,,127520,2024-12-05,Aprovado,False
304299,,127521,2024-12-05,Aprovado,False
304299,,127522,2024-12-05,Aprovado,True
314571,,128399,2025-02-14,Aprovado,False
304223,,127664,2024-12-20,Aprovado,False
263503,30100,126599,2024-05-09,Aprovado,False
263503,,126817,2024-06-21,Aprovado,False
263560,,126504,2024-04-24,Aprovado,False
263560,,126820,2024-06-21,Aprovado,True
284012,,127516,2024-12-05,Aprovado,False
273925,,127316,2024-10-18,Rejeitado,False
263646,,126783,2024-06-21,Aprovado,False
263482,,126497,2024-03-26,Aprovado,True
263539,,126932,2024-07-18,Aprovado,False
263544,,126489,2024-04-12,Aprovado,True
263497,,128166,2025-01-31,Rejeitado,False
263718,,126625,2024-05-17,Aprovado,False
263718,,126875,2024-07-04,Aprovado,False
263791,30134,126805,2024-06-21,Aprovado,False
263791,,127095,2024-09-27,Aprovado,True
263852,,127261,2024-10-18,Aprovado,False
263852,,128072,2025-01-24,Aprovado,False
263784,,126935,2024-07-18,Aprovado,False
263784,40374,127208,2024-10-11,Aprovado,False
263834,,127678,2024-12-20,Aprovado,False
263834,,128477,2025-02-20,Aprovado,True
263867,,126938,2024-07-18,Rejeitado,False
284029,,127306,2024-10-18,Aprovado,False
284029,,128422,2025-02-14,Aprovado,True
263843,,126773,2024-06-19,Rejeitado,False
273908,,126924,2024-07-18,Aprovado,False
263863,,126838,2024-06-27,Rejeitado,False
263891,,126931,2024-07-18,Rejeitado,False
263877,,126850,2024-07-03,Rejeitado,False
283980,,127204,2024-10-11,Aprovado,True
263878,,126851,2024-07-03,Rejeitado,False
273892,,127680,2024-12-20,Rejeitado,False
263883,,126854,2024-07-03,Rejeitado,False
283997,,127206,2024-10-11,Aprovado,False
273976,,127328,2024-10-17,Aprovado,True
273976,,128531,2025-02-28,Rejeitado,False
263888,,126855,2024-07-03,Rejeitado,False
273951,,127158,2024-10-04,Aprovado,False
284065,40903,128508,2024-10-04,Aprovado,False
284065,,128204,2025-01-31,Aprovado,False
273934,,127719,2024-12-20,Rejeitado,False
273935,,127203,2024-10-11,Rejeitado,False
294107,40907,127265,2024-10-18,Aprovado,False
294107,,127429,2024-10-31,Aprovado,False
284079,40892,127322,2024-10-18,Aprovado,True
284079,,127426,2024-10-31,Aprovado,True
284075,,127046,2024-09-27,Aprovado,True
284075,,128209,2025-01-31,Aprovado,False
273962,,127698,2024-12-20,Rejeitado,False
283992,,126966,2024-09-11,Aprovado,False
294111,,128631,2025-03-06,Aprovado,False
284076,,127154,2024-10-04,Rejeitado,False
304189,,127259,2024-10-18,Aprovado,False
304189,,128070,2025-01-24,Aprovado,False
304145,,127717,2024-12-20,Aprovado,False
304195,,127260,2024-10-18,Aprovado,False
304195,,128071,2025-01-24,Aprovado,False
304171,,127277,2024-10-18,Aprovado,False
304171,,128302,2025-02-07,Aprovado,False
284059,40369,127062,2024-09-27,Rejeitado,False
304229,,127524,2024-12-05,Aprovado,False
304229,,127702,2024-12-20,Aprovado,False
304230,40433,127366,2024-10-25,Aprovado,False
304230,40886,127422,2024-10-31,Aprovado,True
304200,,127256,2024-10-18,Aprovado,False
304200,,128290,2025-02-07,Aprovado,True
304268,,127502,2024-12-05,Aprovado,False
304268,,127667,2024-12-20,Aprovado,False
304281,,128008,2025-01-24,Aprovado,False
304281,,128643,2025-03-06,Aprovado,False
304216,,127379,2024-10-25,Aprovado,False
304152,,127135,2024-10-04,Aprovado,False
304151,,127134,2024-10-04,Aprovado,False
304311,,128067,2025-01-24,Aprovado,False
304311,,128215,2025-01-31,Aprovado,False
304317,,127846,2025-01-10,Aprovado,False
304317,,128270,2025-02-07,Aprovado,False
304272,,128194,2025-01-31,Aprovado,False
304168,,127300,2024-10-18,Rejeitado,False
304169,,127285,2024-10-18,Rejeitado,False
304259,,127370,2024-10-25,Aprovado,True
314399,,127649,2024-12-19,Aprovado,False
314399,,128292,2025-02-07,Aprovado,False
314400,,127650,2024-12-19,Aprovado,False
314400,,128293,2025-02-07,Aprovado,False
304182,40908,127266,2024-10-18,Rejeitado,False
304184,,127278,2024-10-18,Rejeitado,False
304355,,127570,2024-12-12,Aprovado,False
304355,,128300,2025-02-07,Aprovado,False
304264,,128672,2025-03-06,Rejeitado,False
304304,,127415,2024-10-31,Aprovado,True
304306,,128526,2025-02-28,Rejeitado,False
304330,,127597,2024-12-12,Rejeitado,False
304336,,127592,2024-12-12,Aprovado,True
314474,,127945,2025-01-17,Aprovado,False
314474,,128424,2025-02-14,Aprovado,False
304348,,127594,2024-12-12,Aprovado,False
304368,,127999,2025-01-24,Aprovado,False
304362,,127499,2024-12-05,Aprovado,False
304326,,127721,2024-12-20,Rejeitado,False
304341,,127509,2024-12-05,Rejeitado,False
314416,,128412,2025-02-14,Aprovado,False
314430,,128411,2025-02-14,Aprovado,False
314412,,127641,2024-12-18,Rejeitado,False
314464,,127944,2025-01-17,Aprovado,False
314605,,128465,2025-02-20,Aprovado,True
314605,,138890,2025-03-14,Aprovado,False
314538,,128028,2025-01-24,Aprovado,False
314452,,128077,2025-01-24,Rejeitado,False
314520,,128239,2025-01-31,Aprovado,False
314501,,128001,2025-01-24,Aprovado,False
314563,,128369,2025-02-14,Aprovado,False
314488,,128234,2025-01-31,Rejeitado,False
314506,,128002,2025-01-24,Aprovado,False
314473,,127838,2025-01-10,Rejeitado,False
314651,,128390,2025-02-14,Aprovado,False
314651,,128559,2025-02-28,Rejeitado,False
314594,,128181,2025-01-31,Aprovado,False
314580,,128179,2025-01-31,Aprovado,False
314524,,128172,2025-01-31,Rejeitado,False
314534,,128192,2025-01-31,Rejeitado,False
314566,,128220,2025-01-31,Rejeitado,False
314664,,128264,2025-02-07,Aprovado,False
314665,,128265,2025-02-07,Aprovado,True
314666,,128266,2025-02-07,Aprovado,False
314668,,128268,2025-02-07,Aprovado,True
314644,,128444,2025-02-20,Aprovado,True
314623,,128394,2025-02-14,Aprovado,True
314625,,128374,2025-02-14,Aprovado,False
314624,,128442,2025-02-14,Aprovado,True
314636,,128396,2025-02-14,Aprovado,True
314639,,128443,2025-02-14,Aprovado,True
314581,,128193,2025-01-31,Rejeitado,False
314584,,128174,2025-01-31,Rejeitado,False
314614,,128047,2025-01-24,Rejeitado,False
314678,,128142,2025-01-31,Aprovado,False
314650,,128407,2025-02-14,Rejeitado,False
314693,,128351,2025-02-12,Aprovado,False
314694,,128353,2025-02-12,Aprovado,True
314729,,128520,2025-02-28,Aprovado,False
314737,,128602,2025-02-28,Aprovado,False
314737,,138888,2025-03-14,Aprovado,False
314764,,128464,2025-02-20,Rejeitado,False
263613,30025,126533,2024-05-02,Aprovado,False
263613,,126816,2024-06-21,Aprovado,False
314780,,128592,2025-02-28,Rejeitado,False
314781,,128530,2025-02-28,Rejeitado,False
314784,,128593,2025-02-28,Rejeitado,False
314839,,138878,2025-03-14,Aprovado,False
314880,,128639,2025-03-06,Aprovado,False
314868,,128665,2025-03-06,Aprovado,False
314926,,138868,2025-03-14,Rejeitado,False
314904,,138871,2025-03-14,Aprovado,False
314905,,138881,2025-03-14,Aprovado,False
263584,30117,126509,2024-04-24,Aprovado,False
263584,,138795,2025-03-14,Aprovado,False
314878,,128568,2025-02-28,Rejeitado,False
314945,,138738,2025-03-13,Aprovado,False
263487,,128382,2025-02-14,Rejeitado,False
263729,,126653,2024-05-24,Aprovado,False
263729,,126819,2024-06-21,Aprovado,False
263489,,127281,2024-10-18,Rejeitado,False
263490,,128666,2025-03-06,Rejeitado,False
263538,,128033,2025-01-24,Aprovado,True
263750,,127161,2024-10-04,Aprovado,True
263750,,127724,2024-12-20,Aprovado,True
263519,,126569,2024-05-08,Rejeitado,False
263604,,126511,2024-04-24,Aprovado,False
315003,,138858,2025-03-14,Aprovado,False
263609,30093,126531,2024-04-24,Rejeitado,False
263694,,128156,2025-01-31,Aprovado,False
263694,,138909,2025-03-14,Aprovado,False
263694,,138916,2025-03-14,Aprovado,False
263771,,128630,2025-03-06,Aprovado,False
263771,,138812,2025-03-14,Aprovado,False
263771,,138813,2025-03-14,Aprovado,False
263771,,138814,2025-03-14,Aprovado,False
263637,,128144,2025-01-31,Rejeitado,False
263722,,126639,2024-05-22,Aprovado,True
263722,,128279,2025-02-07,Rejeitado,False
263770,30112,126654,2024-05-24,Aprovado,False
263770,,126655,2024-05-24,Aprovado,False
263770,,126656,2024-05-24,Aprovado,False
263770,,126657,2024-05-24,Aprovado,True
263836,,127666,2024-12-20,Aprovado,False
263836,,138905,2025-03-14,Rejeitado,False
263836,,138906,2025-03-14,Aprovado,False
263633,30027,126535,2024-05-02,Rejeitado,False
263739,,126647,2024-05-22,Aprovado,True
263739,,128281,2025-02-07,Rejeitado,False
263743,,126667,2024-05-24,Aprovado,True
263743,,128275,2025-02-07,Rejeitado,False
263656,,126582,2024-05-08,Rejeitado,False
263666,,127068,2024-09-27,Rejeitado,False
263846,,126785,2024-06-21,Rejeitado,False
263660,,126586,2024-05-08,Rejeitado,False
284051,,127072,2024-09-27,Aprovado,False
284051,,128227,2025-01-31,Aprovado,False
263804,,126767,2024-06-19,Rejeitado,False
263753,,126662,2024-05-24,Rejeitado,False
263758,,126664,2024-05-24,Rejeitado,False
263756,,126663,2024-05-24,Rejeitado,False
263861,,126836,2024-06-27,Aprovado,True
263861,,127014,2024-09-20,Rejeitado,False
304322,,127514,2024-12-05,Aprovado,False
304322,,128217,2025-01-31,Aprovado,False
284063,,127077,2024-09-27,Aprovado,False
284063,,138893,2025-03-14,Aprovado,False
284063,,138894,2025-03-14,Aprovado,False
273916,40911,127288,2024-10-18,Rejeitado,False
273953,,127160,2024-10-04,Aprovado,True
273927,,128594,2025-02-28,Rejeitado,False
304320,,127515,2024-12-05,Aprovado,False
304320,,128216,2025-01-31,Aprovado,False
294139,,127125,2024-10-02,Aprovado,False
294139,,138791,2025-03-14,Aprovado,False
304228,,127584,2024-12-12,Aprovado,True
304228,,127585,2024-12-12,Aprovado,True
304228,,127586,2024-12-12,Aprovado,True
304252,,127358,2024-10-25,Aprovado,False
304252,,128550,2025-02-28,Aprovado,False
294114,,127121,2024-10-02,Aprovado,True
284056,,127010,2024-09-20,Aprovado,False
284043,,127070,2024-09-27,Rejeitado,False
284046,,127048,2024-09-27,Rejeitado,False
284038,,127080,2024-09-27,Rejeitado,False
284067,,127054,2024-09-27,Rejeitado,False
304199,40916,127292,2024-10-18,Aprovado,False
304199,,128552,2025-02-28,Aprovado,False
304157,,127201,2024-10-11,Aprovado,True
304157,,127527,2024-12-05,Rejeitado,False
294137,,127166,2024-10-04,Rejeitado,False
294126,,127245,2024-10-18,Rejeitado,False
294129,,127123,2024-10-02,Rejeitado,False
304163,,127283,2024-10-18,Aprovado,True
304142,,127211,2024-10-11,Rejeitado,False
314402,41005,127648,2024-12-19,Aprovado,False
304241,,127372,2024-10-25,Rejeitado,False
304190,,127296,2024-10-18,Rejeitado,False
304197,40914,127291,2024-10-18,Rejeitado,False
314596,,128163,2025-01-31,Aprovado,False
314596,,138912,2025-03-14,Aprovado,False
314596,,138913,2025-03-14,Aprovado,False
304198,,127253,2024-10-18,Rejeitado,False
314449,,128571,2025-02-28,Aprovado,True
314449,,138883,2025-03-14,Rejeitado,False
304226,,128053,2025-01-24,Rejeitado,False
304358,,128400,2025-02-14,Aprovado,False
314411,,127636,2024-12-18,Aprovado,True
314411,,138872,2025-03-14,Aprovado,False
304392,,127676,2024-12-20,Aprovado,False
304392,,128418,2025-02-13,Aprovado,True
314632,,128401,2025-02-14,Rejeitado,False
304251,,127376,2024-10-25,Rejeitado,False
304334,,127598,2024-12-12,Rejeitado,False
304351,,127507,2024-12-05,Rejeitado,False
314469,,127832,2025-01-10,Rejeitado,False
314760,,128459,2025-02-20,Rejeitado,False
314420,,127638,2024-12-18,Aprovado,False
314420,,138832,2025-03-14,Rejeitado,False
304382,,127685,2024-12-20,Rejeitado,False
314423,,127629,2024-12-18,Aprovado,False
304383,,127668,2024-12-20,Rejeitado,False
314413,,127652,2024-12-19,Aprovado,False
314453,,128662,2025-03-06,Rejeitado,False
314476,,127835,2025-01-10,Rejeitado,False
314424,,127630,2024-12-18,Aprovado,True
314393,,127693,2024-12-20,Rejeitado,False
314467,,127831,2025-01-10,Rejeitado,False
314723,,128572,2025-02-28,Rejeitado,False
314421,,127628,2024-12-18,Rejeitado,False
314718,,128595,2025-02-28,Rejeitado,False
314477,,127941,2025-01-17,Rejeitado,False
304327,,127472,2024-12-04,Aprovado,True
284025,,127009,2024-09-20,Aprovado,False
284014,,127977,2025-01-24,Aprovado,False
284014,,127978,2025-01-24,Aprovado,False
284014,,127979,2025-01-24,Aprovado,False
314677,,128445,2025-02-20,Aprovado,True
314677,,128446,2025-02-20,Aprovado,True
314677,,128447,2025-02-20,Aprovado,True
314677,,128629,2025-03-06,Aprovado,False
314405,,127695,2024-12-20,Aprovado,False
284013,,127517,2024-12-05,Aprovado,False
263585,30119,126523,2024-04-24,Rejeitado,False
263662,,126815,2024-06-21,Aprovado,False
263641,,126540,2024-05-02,Rejeitado,False
263651,,126587,2024-05-08,Aprovado,False
263599,,126526,2024-04-24,Rejeitado,False
263869,30129,126864,2024-07-04,Aprovado,False
263869,,127690,2024-12-20,Aprovado,False
263603,,126529,2024-04-24,Rejeitado,False
263600,,126527,2024-04-24,Rejeitado,False
263628,,126536,2024-05-02,Rejeitado,False
263673,40367,127060,2024-09-27,Rejeitado,False
263644,,127589,2024-12-12,Rejeitado,False
263631,,126538,2024-05-02,Rejeitado,False
263839,,126798,2024-06-21,Aprovado,False
263839,,126943,2024-07-18,Aprovado,False
263693,,126641,2024-05-22,Rejeitado,False
263862,,126837,2024-06-27,Aprovado,False
263862,,126944,2024-07-18,Aprovado,False
263688,,126739,2024-06-12,Rejeitado,False
263695,,126812,2024-06-21,Rejeitado,False
263720,,126794,2024-06-21,Rejeitado,False
263727,,126927,2024-07-18,Rejeitado,False
263738,,126934,2024-07-18,Rejeitado,False
273920,,127361,2024-10-25,Aprovado,False
273920,,128224,2025-01-31,Aprovado,False
273896,,128214,2025-01-31,Aprovado,False
263745,,126649,2024-05-22,Rejeitado,False
263802,,127374,2024-10-25,Rejeitado,False
273963,,127318,2024-10-18,Aprovado,False
273963,,127948,2025-01-17,Aprovado,True
283982,,127601,2024-12-12,Aprovado,False
283982,,128296,2025-02-07,Aprovado,False
283985,40906,127258,2024-10-18,Aprovado,False
283985,,127428,2024-10-31,Aprovado,False
263831,,128585,2025-02-28,Rejeitado,False
263793,,126801,2024-06-21,Rejeitado,False
263795,,126809,2024-06-21,Rejeitado,False
263841,,126786,2024-06-21,Aprovado,False
273907,,127087,2024-09-27,Aprovado,False
273906,,127086,2024-09-27,Aprovado,False
273936,,127081,2024-09-27,Aprovado,False
284037,,127090,2024-09-27,Aprovado,False
284037,,127530,2024-12-05,Aprovado,False
284001,40889,127319,2024-10-18,Aprovado,True
284001,,127423,2024-10-31,Aprovado,True
263881,,126853,2024-07-03,Aprovado,False
284040,40890,127320,2024-10-18,Aprovado,False
284040,,127424,2024-10-31,Aprovado,True
284010,,127020,2024-09-20,Aprovado,False
304165,,127298,2024-10-18,Aprovado,False
304165,,128079,2025-01-24,Aprovado,False
304170,,127276,2024-10-18,Aprovado,False
304170,,128553,2025-02-28,Aprovado,True
304172,,127263,2024-10-18,Aprovado,False
304172,,128074,2025-01-24,Aprovado,False
304187,,127255,2024-10-18,Aprovado,False
304187,,128289,2025-02-07,Aprovado,True
294110,,128640,2025-03-06,Aprovado,False
284039,40901,127149,2024-10-04,Rejeitado,False
304185,40909,127267,2024-10-18,Aprovado,False
304185,,127430,2024-10-31,Aprovado,False
294119,,128358,2025-02-07,Aprovado,True
294119,,138898,2025-03-14,Aprovado,False
304188,,127311,2024-10-18,Aprovado,True
304188,,127531,2024-12-05,Aprovado,True
304194,,127301,2024-10-18,Aprovado,False
304194,,128480,2025-02-20,Aprovado,True
284054,40354,127147,2024-10-04,Rejeitado,False
294102,,127216,2024-10-11,Rejeitado,False
304196,,127302,2024-10-18,Aprovado,False
304196,,127947,2025-01-17,Aprovado,False
304201,40910,127268,2024-10-18,Aprovado,False
304201,,127431,2024-10-31,Aprovado,False
294103,,127217,2024-10-11,Rejeitado,False
284064,40355,127148,2024-10-04,Rejeitado,False
314429,,138864,2025-03-14,Aprovado,False
314518,,128038,2025-01-24,Aprovado,False
314518,,128641,2025-03-06,Aprovado,False
314414,,127642,2024-12-18,Aprovado,True
304378,,128068,2025-01-24,Rejeitado,False
314535,,127988,2025-01-24,Aprovado,False
314535,,128654,2025-03-06,Aprovado,False
314536,,128011,2025-01-24,Aprovado,False
314536,,128646,2025-03-06,Aprovado,False
314406,,138862,2025-03-14,Aprovado,False
314463,,127943,2025-01-17,Aprovado,False
314410,,128232,2025-01-31,Rejeitado,False
304389,,127682,2024-12-20,Rejeitado,False
314553,,128042,2025-01-24,Aprovado,False
314553,,128650,2025-03-06,Aprovado,False
314843,,138740,2025-03-13,Aprovado,False
314779,,128591,2025-02-28,Aprovado,False
314738,,128527,2025-02-28,Rejeitado,False
314786,,128578,2025-02-28,Aprovado,False
314741,,128451,2025-02-20,Rejeitado,False
314846,,138875,2025-03-14,Rejeitado,False
314751,,128469,2025-02-20,Rejeitado,False
263689,,126636,2024-05-22,Rejeitado,False
263781,,126789,2024-06-21,Aprovado,True
263781,,127327,2024-10-18,Rejeitado,False
273966,,127115,2024-10-02,Aprovado,False
273966,,138907,2025-03-14,Aprovado,False
273966,,138908,2025-03-14,Aprovado,False
263782,,128157,2025-01-31,Aprovado,False
263822,,126736,2024-06-12,Rejeitado,False
263542,,126496,2024-04-19,Rejeitado,False
263800,,126727,2024-06-12,Aprovado,False
263800,,126728,2024-06-12,Aprovado,False
263800,,126729,2024-06-12,Aprovado,False
263800,,126730,2024-06-12,Aprovado,True
304237,,127937,2025-01-17,Aprovado,False
263586,,126507,2024-04-24,Aprovado,False
263586,,126823,2024-06-21,Aprovado,True
263589,,126631,2024-05-17,Aprovado,False
263655,,126588,2024-05-08,Aprovado,False
263655,,126746,2024-06-12,Aprovado,False
263564,,126494,2024-04-19,Aprovado,True
263668,,126622,2024-05-17,Aprovado,False
263668,,126873,2024-07-04,Aprovado,False
263590,,126928,2024-07-18,Aprovado,False
263590,,126929,2024-07-18,Aprovado,False
263590,,126930,2024-07-18,Rejeitado,False
263484,,128165,2025-01-31,Rejeitado,False
263502,30111,126598,2024-05-09,Rejeitado,False
263671,,126616,2024-05-17,Aprovado,False
263671,,126876,2024-07-04,Aprovado,False
263514,,126524,2024-04-24,Rejeitado,False
263517,,128034,2025-01-24,Rejeitado,False
263636,,126546,2024-05-03,Aprovado,False
263501,30110,126597,2024-05-09,Rejeitado,False
263764,,127042,2024-09-27,Aprovado,False
263764,,128205,2025-01-31,Aprovado,False
263776,30132,126803,2024-06-21,Aprovado,False
263776,,127093,2024-09-27,Aprovado,True
263561,,126620,2024-05-17,Rejeitado,False
263716,,126624,2024-05-17,Aprovado,False
263716,,126874,2024-07-04,Aprovado,False
263541,,126669,2024-05-24,Rejeitado,False
263696,,126630,2024-05-17,Aprovado,True
263719,,126619,2024-05-17,Aprovado,True
263719,,126879,2024-07-04,Aprovado,False
263785,,127359,2024-10-25,Aprovado,True
263785,,128222,2025-01-31,Aprovado,False
263741,,126665,2024-05-24,Aprovado,False
263741,,126880,2024-07-04,Aprovado,False
263640,,126784,2024-06-21,Aprovado,False
263757,,126666,2024-05-24,Aprovado,False
263757,,126881,2024-07-04,Aprovado,False
263783,,126871,2024-07-04,Aprovado,False
263783,,127024,2024-09-20,Aprovado,False
263620,,126670,2024-05-24,Rejeitado,False
263571,30118,126522,2024-04-24,Rejeitado,False
314883,,138856,2025-03-14,Rejeitado,False
314491,,127911,2025-01-15,Aprovado,True
314507,,128025,2025-01-24,Rejeitado,False
314504,,127990,2025-01-24,Rejeitado,False
314647,,128373,2025-02-14,Aprovado,False
314642,,128372,2025-02-14,Aprovado,False
314516,,128146,2025-01-31,Rejeitado,False
314533,,127993,2025-01-24,Rejeitado,False
314542,,128037,2025-01-24,Rejeitado,False
314458,,128543,2025-02-27,Aprovado,False
314458,,128544,2025-02-28,Rejeitado,False
314458,,128545,2025-02-28,Rejeitado,False
314458,,128546,2025-02-28,Aprovado,False
314557,,128014,2025-01-24,Rejeitado,False
263732,,126780,2024-06-21,Aprovado,False
314726,,128598,2025-02-28,Rejeitado,False
314689,,128338,2025-02-12,Aprovado,True
314591,,128153,2025-01-31,Rejeitado,False
314629,,128380,2025-02-14,Rejeitado,False
314885,,128664,2025-03-06,Rejeitado,False
314727,,128599,2025-02-28,Rejeitado,False
314744,,128457,2025-02-20,Rejeitado,False
314732,,128573,2025-02-28,Rejeitado,False
314788,,128461,2025-02-20,Aprovado,False
314691,,128345,2025-02-12,Aprovado,True
314761,,128575,2025-02-28,Aprovado,True
314761,,138885,2025-03-14,Rejeitado,False
314746,,128466,2025-02-20,Rejeitado,False
315020,,138780,2025-03-13,Aprovado,False
315020,,138781,2025-03-13,Aprovado,False
315020,,138782,2025-03-13,Aprovado,False
263619,,126714,2024-06-11,Aprovado,False
314754,,128468,2025-02-20,Rejeitado,False
314762,,128605,2025-02-28,Rejeitado,False
263765,,126782,2024-06-21,Aprovado,True
314866,,128663,2025-03-06,Rejeitado,False
263563,,126488,2024-04-12,Aprovado,True
263597,,126493,2024-04-18,Aprovado,True
263829,,126713,2024-06-11,Aprovado,True
314850,,128439,2025-02-20,Aprovado,True
314753,,128467,2025-02-20,Rejeitado,False
263821,,126726,2024-06-12,Aprovado,True
263547,,126499,2024-04-24,Rejeitado,False
263522,,126495,2024-04-19,Rejeitado,False
273956,30104,126915,2024-07-18,Aprovado,False
